{"(Intercept)":16.0078583412471,"Dogs":-0.378460718327141,"Books":0.893864821793164}
