{"(Intercept)":-23.98135535432,"Weather":3.47533324306556,"Score":0.843667362163555}
