{"(Intercept)":20.7408170188525,"School.Proximity":-0.342490429540932,"Library.Proximity":0.388771124095165,"Rainy.Days":-0.149744980889355}
